Zip,Center Name,State
2703,Branch Ave,RI
2762,Woonsocket,RI
2802,Woonsocket,RI
2816,Warwick,RI
2817,Warwick,RI
2818,Warwick,RI
2824,Woonsocket,RI
2830,Woonsocket,RI
2831,Warwick,RI
2838,Woonsocket,RI
2852,Warwick,RI
2860,Branch Ave,RI
2861,Branch Ave,RI
2863,Branch Ave,RI
2864,Woonsocket,RI
2865,Woonsocket,RI
2876,Woonsocket,RI
2886,Warwick,RI
2888,Warwick,RI
2889,Warwick,RI
2893,Warwick,RI
2895,Woonsocket,RI
2896,Woonsocket,RI
2904,Branch Ave,RI
2906,Branch Ave,RI
2908,Branch Ave,RI
2910,Warwick,RI
2911,Branch Ave,RI
2912,Branch Ave,RI
2916,Branch Ave,RI
2917,Woonsocket,RI
2918,Branch Ave,RI
2919,Branch Ave,RI
2920,Warwick,RI
2921,Warwick,RI
10031,Washington Heights,NY
10032,Washington Heights,NY
10033,Washington Heights,NY
10034,Washington Heights,NY
10039,Washington Heights,NY
10040,Washington Heights,NY
10451,Simpson,NY
10452,University Ave,NY
10453,University Ave,NY
10455,Simpson,NY
10456,Simpson,NY
10457,University Ave,NY
10458,University Ave,NY
10459,Simpson,NY
10460,Soundview,NY
10461,Parkchester,NY
10462,Parkchester,NY
10463,University Ave,NY
10465,Parkchester,NY
10466,Allerton,NY
10467,Allerton,NY
10468,University Ave,NY
10469,Allerton,NY
10472,Soundview,NY
10473,Soundview,NY
10474,Simpson,NY
10475,Allerton,NY
11001,Hempstead,NY
11003,Hempstead,NY
11010,Hempstead,NY
11040,Hempstead,NY
11042,Hempstead,NY
11096,Far Rockaway,NY
11203,Flatbush,NY
11205,Bushwick,NY
11206,Bushwick,NY
11207,Sutter Ave,NY
11208,City Line,NY
11210,Flatbush,NY
11211,Bushwick,NY
11212,Sutter Ave,NY
11213,Flatbush,NY
11215,Flatbush,NY
11216,Flatbush,NY
11221,Bushwick,NY
11225,Flatbush,NY
11226,Flatbush,NY
11233,Sutter Ave,NY
11234,Canarsie,NY
11236,Canarsie,NY
11237,Bushwick,NY
11238,Flatbush,NY
11239,Canarsie,NY
11249,Bushwick,NY
11366,Jamaica,NY
11367,Jamaica,NY
11368,Jackson Heights,NY
11369,Jackson Heights,NY
11370,Jackson Heights,NY
11371,Jackson Heights,NY
11372,Jackson Heights,NY
11373,Jackson Heights,NY
11374,Jackson Heights,NY
11375,Jamaica,NY
11377,Jackson Heights,NY
11378,Bushwick,NY
11379,Bushwick,NY
11385,Bushwick,NY
11411,Cambria Heights,NY
11412,Cambria Heights,NY
11413,Cambria Heights,NY
11414,City Line,NY
11415,Jamaica,NY
11416,City Line,NY
11417,City Line,NY
11418,Jamaica,NY
11419,Jamaica,NY
11420,South Jamaica,NY
11421,City Line,NY
11422,Cambria Heights,NY
11423,Cambria Heights,NY
11426,Hempstead,NY
11427,Cambria Heights,NY
11428,Cambria Heights,NY
11429,Cambria Heights,NY
11430,South Jamaica,NY
11432,Jamaica,NY
11433,South Jamaica,NY
11434,South Jamaica,NY
11435,Jamaica,NY
11436,South Jamaica,NY
11439,Jamaica,NY
11501,Hempstead,NY
11507,Hempstead,NY
11510,Freeport,NY
11514,Hempstead,NY
11516,Far Rockaway,NY
11518,Freeport,NY
11520,Freeport,NY
11530,Hempstead,NY
11549,Hempstead,NY
11550,Hempstead,NY
11552,Hempstead,NY
11553,Hempstead,NY
11554,Hempstead,NY
11556,Hempstead,NY
11557,Freeport,NY
11558,Freeport,NY
11559,Far Rockaway,NY
11561,Freeport,NY
11563,Freeport,NY
11565,Freeport,NY
11566,Freeport,NY
11568,Hempstead,NY
11570,Freeport,NY
11572,Freeport,NY
11575,Freeport,NY
11576,Hempstead,NY
11577,Hempstead,NY
11580,Hempstead,NY
11581,Freeport,NY
11590,Hempstead,NY
11596,Hempstead,NY
11691,Far Rockaway,NY
11692,Far Rockaway,NY
11693,Far Rockaway,NY
11694,Far Rockaway,NY
11710,Freeport,NY
11756,Hempstead,NY
11783,Freeport,NY
11793,Freeport,NY
17505,Lancaster,PA
17508,Lancaster,PA
17520,Lancaster,PA
17522,Lancaster,PA
17538,Lancaster,PA
17540,Lancaster,PA
17543,Lancaster,PA
17545,Lancaster,PA
17554,Lancaster,PA
17572,Lancaster,PA
17576,Lancaster,PA
17579,Lancaster,PA
17584,Lancaster,PA
17601,Lancaster,PA
17602,Lancaster,PA
17603,Lancaster,PA
18014,Bethlehem,PA
18015,Allentown,PA
18017,Bethlehem,PA
18018,Bethlehem,PA
18020,Bethlehem,PA
18031,Allentown,PA
18032,Bethlehem,PA
18034,Allentown,PA
18036,Allentown,PA
18042,Bethlehem,PA
18045,Bethlehem,PA
18049,Allentown,PA
18052,Bethlehem,PA
18055,Allentown,PA
18062,Allentown,PA
18064,Bethlehem,PA
18067,Bethlehem,PA
18069,Allentown,PA
18087,Allentown,PA
18101,Allentown,PA
18102,Allentown,PA
18103,Allentown,PA
18104,Allentown,PA
18106,Allentown,PA
18109,Bethlehem,PA
19004,Parkside,PA
19012,Fern Rock,PA
19027,Cheltenham,PA
19038,Cheltenham,PA
19082,Parkside,PA
19095,Cheltenham,PA
19096,Parkside,PA
19103,South Philly,PA
19106,South Philly,PA
19111,Roosevelt,PA
19115,Roosevelt,PA
19118,Cheltenham,PA
19119,Germantown,PA
19120,Fern Rock,PA
19121,Strawberry Mansion,PA
19122,Strawberry Mansion,PA
19123,Strawberry Mansion,PA
19124,Aramingo,PA
19125,Aramingo,PA
19126,Fern Rock,PA
19128,Germantown,PA
19129,Germantown,PA
19130,Strawberry Mansion,PA
19131,Parkside,PA
19132,Strawberry Mansion,PA
19133,Strawberry Mansion,PA
19134,Aramingo,PA
19135,Roosevelt,PA
19136,Roosevelt,PA
19137,Aramingo,PA
19138,Cheltenham,PA
19139,Parkside,PA
19140,Strawberry Mansion,PA
19141,Germantown,PA
19144,Germantown,PA
19145,South Philly,PA
19146,South Philly,PA
19147,South Philly,PA
19148,South Philly,PA
19149,Roosevelt,PA
19150,Cheltenham,PA
19151,Parkside,PA
19152,Roosevelt,PA
19508,Reading,PA
19510,Reading,PA
19522,Reading,PA
19533,Reading,PA
19540,Reading,PA
19547,Reading,PA
19555,Reading,PA
19560,Reading,PA
19601,Reading,PA
19602,Reading,PA
19604,Reading,PA
19605,Reading,PA
19606,Reading,PA
19607,Reading,PA
19608,Reading,PA
19609,Reading,PA
19610,Reading,PA
19611,Reading,PA
23005,Chamberlayne,VA
23059,Chamberlayne,VA
23060,Chamberlayne,VA
23069,Chamberlayne,VA
23111,Chamberlayne,VA
23112,Broad Rock,VA
23113,Broad Rock,VA
23114,Broad Rock,VA
23116,Chamberlayne,VA
23173,Chamberlayne,VA
23219,Chamberlayne,VA
23220,Chamberlayne,VA
23221,Chamberlayne,VA
23222,Chamberlayne,VA
23223,Chamberlayne,VA
23224,Broad Rock,VA
23225,Broad Rock,VA
23226,Chamberlayne,VA
23227,Chamberlayne,VA
23228,Chamberlayne,VA
23229,Chamberlayne,VA
23230,Chamberlayne,VA
23231,Broad Rock,VA
23233,Chamberlayne,VA
23234,Broad Rock,VA
23235,Broad Rock,VA
23236,Broad Rock,VA
23237,Broad Rock,VA
23238,Chamberlayne,VA
23284,Chamberlayne,VA
23294,Chamberlayne,VA
23298,Chamberlayne,VA
23831,Broad Rock,VA
23832,Broad Rock,VA
27012,Winston-Salem,NC
27051,Winston-Salem,NC
27101,Winston-Salem,NC
27103,Winston-Salem,NC
27104,Winston-Salem,NC
27105,Winston-Salem,NC
27106,Winston-Salem,NC
27107,Winston-Salem,NC
27110,Winston-Salem,NC
27127,Winston-Salem,NC
27235,Gate City,NC
27260,High Point,NC
27262,High Point,NC
27263,High Point,NC
27265,High Point,NC
27282,High Point,NC
27284,Winston-Salem,NC
27295,Winston-Salem,NC
27313,Gate City,NC
27360,High Point,NC
27370,High Point,NC
27407,Gate City,NC
27409,Gate City,NC
27410,Gate City,NC
27511,Southeast Raleigh,NC
27518,Southeast Raleigh,NC
27529,Southeast Raleigh,NC
27545,Southeast Raleigh,NC
27587,Northeast Raleigh,NC
27601,Southeast Raleigh,NC
27603,Southeast Raleigh,NC
27604,Northeast Raleigh,NC
27605,Southeast Raleigh,NC
27606,Southeast Raleigh,NC
27607,Southeast Raleigh,NC
27608,Southeast Raleigh,NC
27609,Northeast Raleigh,NC
27610,Southeast Raleigh,NC
27612,Northeast Raleigh,NC
27613,Northeast Raleigh,NC
27614,Northeast Raleigh,NC
27615,Northeast Raleigh,NC
27616,Northeast Raleigh,NC
27695,Southeast Raleigh,NC
28012,Enderly Park,NC
28078,Enderly Park,NC
28104,East Charlotte,NC
28105,East Charlotte,NC
28120,Enderly Park,NC
28134,Enderly Park,NC
28202,Enderly Park,NC
28203,Enderly Park,NC
28204,East Charlotte,NC
28205,East Charlotte,NC
28206,Enderly Park,NC
28208,Enderly Park,NC
28210,Enderly Park,NC
28212,East Charlotte,NC
28213,East Charlotte,NC
28214,Enderly Park,NC
28215,East Charlotte,NC
28216,Enderly Park,NC
28217,Enderly Park,NC
28227,East Charlotte,NC
28262,East Charlotte,NC
28269,Enderly Park,NC
28273,Enderly Park,NC
28278,Enderly Park,NC
28301,North Fayetteville,NC
28303,North Fayetteville,NC
28304,North Fayetteville,NC
28305,North Fayetteville,NC
28306,North Fayetteville,NC
28307,North Fayetteville,NC
28310,North Fayetteville,NC
28311,North Fayetteville,NC
28312,North Fayetteville,NC
28314,North Fayetteville,NC
28348,North Fayetteville,NC
28390,North Fayetteville,NC
28395,North Fayetteville,NC
29301,Spartanburg,SC
29302,Spartanburg,SC
29303,Spartanburg,SC
29306,Spartanburg,SC
29307,Spartanburg,SC
29316,Spartanburg,SC
29320,Spartanburg,SC
29346,Spartanburg,SC
29369,Spartanburg,SC
29376,Spartanburg,SC
29378,Spartanburg,SC
29385,Spartanburg,SC
29601,Greenville,SC
29605,Greenville,SC
29607,Greenville,SC
29609,Greenville,SC
29611,Greenville,SC
29613,Greenville,SC
29615,Greenville,SC
29617,Greenville,SC
29640,Greenville,SC
29642,Greenville,SC
29673,Greenville,SC
29687,Greenville,SC
29842,Augusta,GA
30002,South Dekalb,GA
30008,Marietta,GA
30021,Stone Mountain,GA
30030,South Dekalb,GA
30032,South Dekalb,GA
30033,Stone Mountain,GA
30034,South Dekalb,GA
30035,South Dekalb,GA
30038,South Dekalb,GA
30039,Stone Mountain,GA
30044,Stone Mountain,GA
30047,Stone Mountain,GA
30058,Stone Mountain,GA
30060,Marietta,GA
30062,Marietta,GA
30064,Marietta,GA
30066,Marietta,GA
30067,Marietta,GA
30068,Marietta,GA
30069,Marietta,GA
30072,Stone Mountain,GA
30078,Stone Mountain,GA
30080,Marietta,GA
30082,Marietta,GA
30083,Stone Mountain,GA
30084,Stone Mountain,GA
30087,Stone Mountain,GA
30088,South Dekalb,GA
30093,Stone Mountain,GA
30106,Marietta,GA
30126,West End,GA
30127,Marietta,GA
30144,Marietta,GA
30152,Marietta,GA
30168,West End,GA
30213,Riverdale,GA
30214,Riverdale,GA
30215,Riverdale,GA
30228,Riverdale,GA
30236,Riverdale,GA
30238,Riverdale,GA
30260,Riverdale,GA
30272,East Point,GA
30273,Riverdale,GA
30274,Riverdale,GA
30281,Riverdale,GA
30288,Moreland,GA
30291,East Point,GA
30294,South Dekalb,GA
30296,Riverdale,GA
30297,Riverdale,GA
30303,West End,GA
30305,West End,GA
30306,Moreland,GA
30307,Moreland,GA
30308,West End,GA
30309,West End,GA
30310,West End,GA
30311,West End,GA
30312,Moreland,GA
30313,West End,GA
30314,West End,GA
30315,Moreland,GA
30316,Moreland,GA
30317,Moreland,GA
30318,West End,GA
30320,East Point,GA
30327,West End,GA
30328,West End,GA
30331,East Point,GA
30332,West End,GA
30334,West End,GA
30336,West End,GA
30337,East Point,GA
30339,West End,GA
30340,Stone Mountain,GA
30344,East Point,GA
30349,East Point,GA
30354,Moreland,GA
30363,West End,GA
30805,Augusta,GA
30809,Augusta,GA
30813,Augusta,GA
30815,Augusta,GA
30901,Augusta,GA
30904,Augusta,GA
30905,Augusta,GA
30906,Augusta,GA
30907,Augusta,GA
30909,Augusta,GA
30912,Augusta,GA
35020,Rickwood Field,AL
35061,Rickwood Field,AL
35064,Rickwood Field,AL
35068,Center Point,AL
35071,Center Point,AL
35116,Center Point,AL
35117,Rickwood Field,AL
35126,Center Point,AL
35127,Rickwood Field,AL
35173,Center Point,AL
35203,Rickwood Field,AL
35204,Rickwood Field,AL
35205,Rickwood Field,AL
35206,Center Point,AL
35207,Rickwood Field,AL
35208,Rickwood Field,AL
35209,Rickwood Field,AL
35210,Center Point,AL
35211,Rickwood Field,AL
35212,Center Point,AL
35213,Rickwood Field,AL
35214,Rickwood Field,AL
35215,Center Point,AL
35216,Rickwood Field,AL
35217,Center Point,AL
35218,Rickwood Field,AL
35221,Rickwood Field,AL
35222,Rickwood Field,AL
35223,Rickwood Field,AL
35224,Rickwood Field,AL
35226,Rickwood Field,AL
35228,Rickwood Field,AL
35229,Rickwood Field,AL
35233,Rickwood Field,AL
35234,Rickwood Field,AL
35235,Center Point,AL
35254,Rickwood Field,AL
35294,Rickwood Field,AL
36602,Mobile,AL
36603,Mobile,AL
36604,Mobile,AL
36605,Mobile,AL
36606,Mobile,AL
36607,Mobile,AL
36608,Mobile,AL
36609,Mobile,AL
36610,Mobile,AL
36611,Mobile,AL
36612,Mobile,AL
36613,Mobile,AL
36615,Mobile,AL
36617,Mobile,AL
36618,Mobile,AL
36619,Mobile,AL
36688,Mobile,AL
36693,Mobile,AL
36695,Mobile,AL
37721,East Knoxville,TN
37764,East Knoxville,TN
37806,East Knoxville,TN
37849,East Knoxville,TN
37871,East Knoxville,TN
37902,East Knoxville,TN
37909,East Knoxville,TN
37912,East Knoxville,TN
37914,East Knoxville,TN
37915,East Knoxville,TN
37916,East Knoxville,TN
37917,East Knoxville,TN
37918,East Knoxville,TN
37919,East Knoxville,TN
37920,East Knoxville,TN
37921,East Knoxville,TN
37924,East Knoxville,TN
37996,East Knoxville,TN
38002,Frayser,TN
38103,Frayser,TN
38104,Frayser,TN
38105,Frayser,TN
38106,Whitehaven,TN
38107,Frayser,TN
38108,Frayser,TN
38109,Whitehaven,TN
38111,Park Ave,TN
38112,Park Ave,TN
38114,Whitehaven,TN
38115,Park Ave,TN
38116,Whitehaven,TN
38117,Park Ave,TN
38118,Park Ave,TN
38119,Park Ave,TN
38120,Park Ave,TN
38122,Park Ave,TN
38126,Frayser,TN
38127,Frayser,TN
38128,Frayser,TN
38131,Whitehaven,TN
38132,Whitehaven,TN
38134,Frayser,TN
38135,Frayser,TN
38138,Park Ave,TN
38141,Park Ave,TN
38152,Park Ave,TN
39056,Jackson West,MS
39058,Jackson West,MS
39110,Jackson North,MS
39154,Jackson West,MS
39157,Jackson North,MS
39174,Jackson North,MS
39201,Jackson West,MS
39202,Jackson North,MS
39203,Jackson West,MS
39204,Jackson West,MS
39206,Jackson North,MS
39208,Jackson West,MS
39209,Jackson North,MS
39210,Jackson North,MS
39211,Jackson North,MS
39212,Jackson West,MS
39213,Jackson North,MS
39216,Jackson North,MS
39217,Jackson West,MS
39218,Jackson West,MS
39232,Jackson West,MS
39272,Jackson West,MS
40109,Edgewood,KY
40118,Edgewood,KY
40204,Edgewood,KY
40205,Edgewood,KY
40206,Edgewood,KY
40207,Edgewood,KY
40209,Edgewood,KY
40213,Edgewood,KY
40217,Edgewood,KY
40218,Edgewood,KY
40219,Edgewood,KY
40220,Edgewood,KY
40222,Jeffersonville,IN
40228,Edgewood,KY
40229,Edgewood,KY
40291,Edgewood,KY
40299,Edgewood,KY
40361,Legends Lane,KY
40502,Legends Lane,KY
40503,Legends Lane,KY
40504,Legends Lane,KY
40505,Legends Lane,KY
40506,Legends Lane,KY
40507,Legends Lane,KY
40508,Legends Lane,KY
40509,Legends Lane,KY
40510,Legends Lane,KY
40511,Legends Lane,KY
40513,Legends Lane,KY
40515,Legends Lane,KY
40516,Legends Lane,KY
40517,Legends Lane,KY
40526,Legends Lane,KY
42420,Riverside,IN
42451,Riverside,IN
44102,Westown,OH
44103,Morgana Park,OH
44104,Morgana Park,OH
44105,Morgana Park,OH
44106,Morgana Park,OH
44107,Westown,OH
44109,Westown,OH
44111,Westown,OH
44113,Westown,OH
44114,Morgana Park,OH
44115,Morgana Park,OH
44120,Morgana Park,OH
44122,Lee Harvard,OH
44124,Lee Harvard,OH
44125,Morgana Park,OH
44127,Morgana Park,OH
44128,Lee Harvard,OH
44129,Westown,OH
44131,Morgana Park,OH
44135,Westown,OH
44137,Lee Harvard,OH
44144,Westown,OH
44146,Lee Harvard,OH
44405,Belmont Ave,OH
44420,Belmont Ave,OH
44425,Belmont Ave,OH
44436,Belmont Ave,OH
44437,Belmont Ave,OH
44440,Belmont Ave,OH
44446,Belmont Ave,OH
44471,Belmont Ave,OH
44481,Belmont Ave,OH
44502,Belmont Ave,OH
44503,Belmont Ave,OH
44504,Belmont Ave,OH
44505,Belmont Ave,OH
44506,Belmont Ave,OH
44507,Belmont Ave,OH
44509,Belmont Ave,OH
44510,Belmont Ave,OH
44511,Belmont Ave,OH
44512,Belmont Ave,OH
44514,Belmont Ave,OH
44555,Belmont Ave,OH
45202,Avondale,OH
45203,Avondale,OH
45204,Westwood,OH
45205,Westwood,OH
45206,Avondale,OH
45207,Avondale,OH
45208,Avondale,OH
45209,Avondale,OH
45211,Westwood,OH
45212,Avondale,OH
45213,Avondale,OH
45214,Westwood,OH
45215,Avondale,OH
45216,Avondale,OH
45217,Avondale,OH
45219,Avondale,OH
45220,Avondale,OH
45223,Westwood,OH
45224,Avondale,OH
45225,Westwood,OH
45227,Avondale,OH
45229,Avondale,OH
45231,Avondale,OH
45232,Avondale,OH
45233,Westwood,OH
45236,Avondale,OH
45237,Avondale,OH
45238,Westwood,OH
45239,Westwood,OH
45247,Westwood,OH
45248,Westwood,OH
45251,Westwood,OH
45305,Walnut Hills,OH
45309,Crown Point,OH
45315,Crown Point,OH
45322,Crown Point,OH
45324,Walnut Hills,OH
45325,Crown Point,OH
45327,Crown Point,OH
45342,Crown Point,OH
45345,Crown Point,OH
45402,Crown Point,OH
45403,Walnut Hills,OH
45404,Walnut Hills,OH
45405,Crown Point,OH
45406,Crown Point,OH
45409,Walnut Hills,OH
45410,Walnut Hills,OH
45414,Walnut Hills,OH
45415,Crown Point,OH
45416,Crown Point,OH
45417,Crown Point,OH
45419,Walnut Hills,OH
45420,Walnut Hills,OH
45424,Walnut Hills,OH
45426,Crown Point,OH
45429,Walnut Hills,OH
45430,Walnut Hills,OH
45431,Walnut Hills,OH
45432,Walnut Hills,OH
45433,Walnut Hills,OH
45434,Walnut Hills,OH
45439,Walnut Hills,OH
45440,Walnut Hills,OH
45449,Crown Point,OH
45459,Walnut Hills,OH
45469,Walnut Hills,OH
46032,Glendale,IN
46055,Irvington,IN
46077,Glendale,IN
46106,University Heights,IN
46107,University Heights,IN
46112,Speedway,IN
46123,Speedway,IN
46131,University Heights,IN
46140,Irvington,IN
46142,University Heights,IN
46143,University Heights,IN
46163,Irvington,IN
46168,Speedway,IN
46184,University Heights,IN
46201,Irvington,IN
46202,Speedway,IN
46203,Irvington,IN
46204,Speedway,IN
46205,Glendale,IN
46208,Glendale,IN
46214,Speedway,IN
46216,Glendale,IN
46217,University Heights,IN
46218,Irvington,IN
46219,Irvington,IN
46220,Glendale,IN
46221,University Heights,IN
46222,Speedway,IN
46224,Speedway,IN
46225,University Heights,IN
46226,Glendale,IN
46227,University Heights,IN
46228,Glendale,IN
46229,Irvington,IN
46231,Speedway,IN
46234,Speedway,IN
46235,Irvington,IN
46236,Glendale,IN
46237,University Heights,IN
46239,Irvington,IN
46240,Glendale,IN
46241,Speedway,IN
46250,Glendale,IN
46254,Speedway,IN
46256,Glendale,IN
46259,University Heights,IN
46260,Glendale,IN
46268,Glendale,IN
46278,Glendale,IN
46280,Glendale,IN
46290,Glendale,IN
46304,Midtown,IN
46307,Gary,IN
46311,Gary,IN
46312,Hammond,IN
46319,Gary,IN
46320,Hammond,IN
46321,Hammond,IN
46322,Hammond,IN
46323,Hammond,IN
46324,Hammond,IN
46327,Hammond,IN
46342,Gary,IN
46368,Gary,IN
46373,Gary,IN
46375,Gary,IN
46385,Gary,IN
46394,Hammond,IN
46402,Gary,IN
46403,Gary,IN
46404,Gary,IN
46405,Gary,IN
46406,Gary,IN
46407,Gary,IN
46408,Gary,IN
46409,Gary,IN
46410,Gary,IN
46530,Lasalle Park,IN
46544,Lasalle Park,IN
46545,Lasalle Park,IN
46554,Lasalle Park,IN
46556,Lasalle Park,IN
46601,Lasalle Park,IN
46613,Lasalle Park,IN
46614,Lasalle Park,IN
46615,Lasalle Park,IN
46616,Lasalle Park,IN
46617,Lasalle Park,IN
46619,Lasalle Park,IN
46628,Lasalle Park,IN
46635,Lasalle Park,IN
46637,Lasalle Park,IN
46741,Fort Wayne,IN
46774,Fort Wayne,IN
46802,Fort Wayne,IN
46803,Fort Wayne,IN
46804,Fort Wayne,IN
46805,Fort Wayne,IN
46806,Fort Wayne,IN
46807,Fort Wayne,IN
46808,Fort Wayne,IN
46809,Fort Wayne,IN
46814,Fort Wayne,IN
46815,Fort Wayne,IN
46816,Fort Wayne,IN
46818,Fort Wayne,IN
46819,Fort Wayne,IN
46825,Fort Wayne,IN
46835,Fort Wayne,IN
46845,Fort Wayne,IN
47111,Jeffersonville,IN
47129,Jeffersonville,IN
47130,Jeffersonville,IN
47150,Jeffersonville,IN
47172,Jeffersonville,IN
47630,Riverside,IN
47708,Riverside,IN
47710,Riverside,IN
47711,Riverside,IN
47712,Riverside,IN
47713,Riverside,IN
47714,Riverside,IN
47715,Riverside,IN
47720,Riverside,IN
47722,Riverside,IN
47725,Riverside,IN
48015,Hazel Park,MI
48021,Eastgate,MI
48025,Hazel Park,MI
48026,Eastgate,MI
48030,Hazel Park,MI
48033,Rosedale Park,MI
48034,Rosedale Park,MI
48035,Eastgate,MI
48066,Eastgate,MI
48067,Hazel Park,MI
48069,Hazel Park,MI
48070,Hazel Park,MI
48071,Hazel Park,MI
48072,Hazel Park,MI
48073,Hazel Park,MI
48075,Rosedale Park,MI
48076,Hazel Park,MI
48080,Eastgate,MI
48081,Eastgate,MI
48082,Eastgate,MI
48083,Hazel Park,MI
48088,Eastgate,MI
48089,Eastgate,MI
48091,Hazel Park,MI
48092,Hazel Park,MI
48093,Eastgate,MI
48098,Pontiac,MI
48101,Southgate,MI
48111,Cherry Hill,MI
48117,Southgate,MI
48120,Cherry Hill,MI
48122,Southgate,MI
48124,Cherry Hill,MI
48125,Cherry Hill,MI
48126,Cherry Hill,MI
48127,Cherry Hill,MI
48128,Cherry Hill,MI
48134,Southgate,MI
48135,Cherry Hill,MI
48138,Southgate,MI
48141,Cherry Hill,MI
48146,Southgate,MI
48150,Rosedale Park,MI
48152,Rosedale Park,MI
48154,Rosedale Park,MI
48164,Southgate,MI
48173,Southgate,MI
48174,Southgate,MI
48179,Southgate,MI
48180,Southgate,MI
48183,Southgate,MI
48184,Cherry Hill,MI
48185,Cherry Hill,MI
48186,Cherry Hill,MI
48187,Cherry Hill,MI
48188,Cherry Hill,MI
48192,Southgate,MI
48193,Southgate,MI
48195,Southgate,MI
48201,Woodward,MI
48202,Woodward,MI
48203,Hazel Park,MI
48204,Rosedale Park,MI
48205,Jefferson Village,MI
48206,Woodward,MI
48207,Woodward,MI
48208,Woodward,MI
48209,Southgate,MI
48210,Cherry Hill,MI
48211,Woodward,MI
48212,Jefferson Village,MI
48213,Jefferson Village,MI
48214,Jefferson Village,MI
48215,Jefferson Village,MI
48216,Woodward,MI
48217,Southgate,MI
48218,Southgate,MI
48219,Rosedale Park,MI
48220,Hazel Park,MI
48221,Rosedale Park,MI
48223,Rosedale Park,MI
48224,Jefferson Village,MI
48225,Jefferson Village,MI
48226,Woodward,MI
48227,Rosedale Park,MI
48228,Rosedale Park,MI
48229,Southgate,MI
48230,Jefferson Village,MI
48234,Jefferson Village,MI
48235,Rosedale Park,MI
48236,Jefferson Village,MI
48237,Rosedale Park,MI
48238,Woodward,MI
48239,Rosedale Park,MI
48240,Rosedale Park,MI
48243,Woodward,MI
48302,Pontiac,MI
48304,Pontiac,MI
48309,Pontiac,MI
48310,Hazel Park,MI
48312,Eastgate,MI
48320,Pontiac,MI
48324,Pontiac,MI
48326,Pontiac,MI
48327,Pontiac,MI
48328,Pontiac,MI
48329,Pontiac,MI
48336,Rosedale Park,MI
48340,Pontiac,MI
48341,Pontiac,MI
48342,Pontiac,MI
48346,Pontiac,MI
48348,Pontiac,MI
48359,Pontiac,MI
48420,North Flint,MI
48423,Burton,MI
48433,North Flint,MI
48439,Burton,MI
48458,North Flint,MI
48473,Burton,MI
48502,North Flint,MI
48503,North Flint,MI
48504,North Flint,MI
48505,North Flint,MI
48506,North Flint,MI
48507,Burton,MI
48509,Burton,MI
48519,Burton,MI
48529,Burton,MI
48532,North Flint,MI
49001,Kalamazoo,MI
49002,Kalamazoo,MI
49004,Kalamazoo,MI
49006,Kalamazoo,MI
49007,Kalamazoo,MI
49008,Kalamazoo,MI
49009,Kalamazoo,MI
49024,Kalamazoo,MI
49048,Kalamazoo,MI
49315,Rogers Plaza,MI
49316,Rogers Plaza,MI
49348,Rogers Plaza,MI
49418,Rogers Plaza,MI
49426,Rogers Plaza,MI
49428,Rogers Plaza,MI
49503,Rogers Plaza,MI
49504,Rogers Plaza,MI
49505,Rogers Plaza,MI
49506,Rogers Plaza,MI
49507,Rogers Plaza,MI
49508,Rogers Plaza,MI
49509,Rogers Plaza,MI
49512,Rogers Plaza,MI
49519,Rogers Plaza,MI
49525,Rogers Plaza,MI
49534,Rogers Plaza,MI
49544,Rogers Plaza,MI
49546,Rogers Plaza,MI
49548,Rogers Plaza,MI
53158,Waukegan,IL
60004,Rolling Meadows,IL
60005,Rolling Meadows,IL
60007,Rolling Meadows,IL
60008,Rolling Meadows,IL
60010,Elgin,IL
60016,Rolling Meadows,IL
60018,Rolling Meadows,IL
60022,Skokie,IL
60025,Skokie,IL
60026,Skokie,IL
60029,Skokie,IL
60031,Waukegan,IL
60035,Skokie,IL
60043,Skokie,IL
60044,Waukegan,IL
60048,Waukegan,IL
60053,Skokie,IL
60056,Rolling Meadows,IL
60062,Skokie,IL
60064,Waukegan,IL
60067,Rolling Meadows,IL
60070,Rolling Meadows,IL
60074,Rolling Meadows,IL
60076,Skokie,IL
60077,Skokie,IL
60083,Waukegan,IL
60085,Waukegan,IL
60087,Waukegan,IL
60088,Waukegan,IL
60089,Rolling Meadows,IL
60091,Skokie,IL
60093,Skokie,IL
60096,Waukegan,IL
60099,Waukegan,IL
60102,Elgin,IL
60103,Streamwood,IL
60106,Rolling Meadows,IL
60107,Streamwood,IL
60108,Streamwood,IL
60110,Elgin,IL
60118,Elgin,IL
60120,Elgin,IL
60123,Elgin,IL
60124,Elgin,IL
60133,Streamwood,IL
60143,Rolling Meadows,IL
60157,Rolling Meadows,IL
60169,Streamwood,IL
60171,Hermosa,IL
60172,Streamwood,IL
60173,Rolling Meadows,IL
60177,Elgin,IL
60191,Rolling Meadows,IL
60192,Streamwood,IL
60193,Streamwood,IL
60194,Streamwood,IL
60195,Rolling Meadows,IL
60196,Rolling Meadows,IL
60203,Skokie,IL
60402,Berwyn,IL
60403,Joliet - West,IL
60404,Joliet - West,IL
60409,Hammond,IN
60410,Joliet - Main,IL
60411,Lincoln Crossing,IL
60415,Ashburn,IL
60417,Lincoln Crossing,IL
60421,Joliet - Main,IL
60422,Lincoln Crossing,IL
60425,Lincoln Crossing,IL
60430,Lincoln Crossing,IL
60431,Joliet - West,IL
60432,Joliet - Main,IL
60433,Joliet - Main,IL
60435,Joliet - West,IL
60436,Joliet - Main,IL
60438,Hammond,IN
60441,Joliet - West,IL
60442,Joliet - Main,IL
60443,Lincoln Crossing,IL
60446,Joliet - West,IL
60449,Lincoln Crossing,IL
60451,Joliet - Main,IL
60453,Ashburn,IL
60455,Garfield Ridge,IL
60456,Ashburn,IL
60457,Garfield Ridge,IL
60458,Garfield Ridge,IL
60459,Ashburn,IL
60461,Lincoln Crossing,IL
60465,Garfield Ridge,IL
60466,Lincoln Crossing,IL
60471,Lincoln Crossing,IL
60473,Hammond,IN
60475,Lincoln Crossing,IL
60476,Hammond,IN
60478,Lincoln Crossing,IL
60480,Garfield Ridge,IL
60482,Ashburn,IL
60484,Lincoln Crossing,IL
60501,Garfield Ridge,IL
60521,Garfield Ridge,IL
60525,Garfield Ridge,IL
60527,Garfield Ridge,IL
60534,Berwyn,IL
60544,Joliet - West,IL
60546,Berwyn,IL
60558,Garfield Ridge,IL
60586,Joliet - West,IL
60607,Madison St,IL
60608,Little Village,IL
60609,Brighton Park,IL
60610,Madison St,IL
60612,Madison St,IL
60615,Bronzeville,IL
60616,Bronzeville,IL
60618,Portage Park,IL
60620,Ashburn,IL
60621,Englewood,IL
60622,Madison St,IL
60623,Little Village,IL
60624,Madison St,IL
60625,Portage Park,IL
60629,Brighton Park,IL
60630,Portage Park,IL
60632,Brighton Park,IL
60633,Hammond,IN
60636,Englewood,IL
60637,Bronzeville,IL
60638,Garfield Ridge,IL
60639,Hermosa,IL
60641,Portage Park,IL
60642,Madison St,IL
60643,Ashburn,IL
60646,Skokie,IL
60647,Hermosa,IL
60651,Madison St,IL
60652,Ashburn,IL
60653,Bronzeville,IL
60654,Madison St,IL
60661,Madison St,IL
60712,Skokie,IL
60714,Skokie,IL
60804,Berwyn,IL
60805,Ashburn,IL
61523,Peoria,IL
61525,Peoria,IL
61528,Peoria,IL
61552,Peoria,IL
61602,Peoria,IL
61603,Peoria,IL
61604,Peoria,IL
61605,Peoria,IL
61606,Peoria,IL
61607,Peoria,IL
61611,Peoria,IL
61614,Peoria,IL
61615,Peoria,IL
61616,Peoria,IL
61625,Peoria,IL
61635,Peoria,IL
62040,State Street,IL
62059,State Street,IL
62060,State Street,IL
62071,State Street,IL
62090,State Street,IL
62201,State Street,IL
62203,State Street,IL
62204,State Street,IL
62205,State Street,IL
62206,State Street,IL
62207,State Street,IL
62208,State Street,IL
62223,State Street,IL
62226,State Street,IL
62232,State Street,IL
62234,State Street,IL
62239,State Street,IL
62240,State Street,IL
62260,State Street,IL
63031,Florissant,MO
63033,Florissant,MO
63034,Florissant,MO
63042,Florissant,MO
63043,Florissant,MO
63044,Florissant,MO
63045,Florissant,MO
63074,Jennings,MO
63101,North City,MO
63102,North City,MO
63103,North City,MO
63104,Tower Grove,MO
63105,North City,MO
63106,North City,MO
63107,North City,MO
63108,North City,MO
63109,Tower Grove,MO
63110,Tower Grove,MO
63111,Tower Grove,MO
63112,North City,MO
63113,North City,MO
63114,North City,MO
63115,North City,MO
63116,Tower Grove,MO
63117,North City,MO
63118,Tower Grove,MO
63119,Tower Grove,MO
63120,North City,MO
63121,Jennings,MO
63123,Tower Grove,MO
63124,North City,MO
63125,Tower Grove,MO
63126,Tower Grove,MO
63129,Tower Grove,MO
63130,North City,MO
63132,North City,MO
63133,North City,MO
63134,Jennings,MO
63135,Jennings,MO
63136,Jennings,MO
63137,Jennings,MO
63138,Jennings,MO
63139,Tower Grove,MO
63140,Jennings,MO
63143,Tower Grove,MO
63144,Tower Grove,MO
63145,Florissant,MO
63147,North City,MO
63301,Florissant,MO
63386,Florissant,MO
64014,Truman,MO
64015,Truman,MO
64050,Truman,MO
64052,Truman,MO
64053,Truman,MO
64054,Truman,MO
64055,Truman,MO
64056,Truman,MO
64057,Truman,MO
64058,Truman,MO
64064,Truman,MO
64086,Truman,MO
64120,Truman,MO
64123,Truman,MO
64125,Truman,MO
64126,Truman,MO
64136,Truman,MO
64139,Truman,MO
64161,Truman,MO
70001,Metairie,LA
70002,Metairie,LA
70003,Metairie,LA
70005,Metairie,LA
70006,Metairie,LA
70037,Terrytown,LA
70053,Terrytown,LA
70056,Terrytown,LA
70058,Terrytown,LA
70062,Metairie,LA
70065,Metairie,LA
70072,Terrytown,LA
70112,South Claiborne,LA
70113,South Claiborne,LA
70114,Terrytown,LA
70115,South Claiborne,LA
70118,South Claiborne,LA
70119,South Claiborne,LA
70121,Metairie,LA
70123,Metairie,LA
70124,Metairie,LA
70125,South Claiborne,LA
70130,South Claiborne,LA
70131,Terrytown,LA
70454,Metairie,LA
70714,Delmont Village,LA
70739,Delmont Village,LA
70767,Delmont Village,LA
70791,Delmont Village,LA
70801,Delmont Village,LA
70802,Delmont Village,LA
70805,Delmont Village,LA
70806,Delmont Village,LA
70807,Delmont Village,LA
70808,Delmont Village,LA
70809,Delmont Village,LA
70811,Delmont Village,LA
70812,Delmont Village,LA
70813,Delmont Village,LA
70814,Delmont Village,LA
70815,Delmont Village,LA
70818,Delmont Village,LA
70819,Delmont Village,LA
72002,Oak Forest,AR
72022,Oak Forest,AR
72065,Oak Forest,AR
72103,Oak Forest,AR
72114,Oak Forest,AR
72118,Oak Forest,AR
72201,Oak Forest,AR
72202,Oak Forest,AR
72204,Oak Forest,AR
72205,Oak Forest,AR
72206,Oak Forest,AR
72207,Oak Forest,AR
72209,Oak Forest,AR
72210,Oak Forest,AR
72211,Oak Forest,AR
72212,Oak Forest,AR
72223,Oak Forest,AR
72227,Oak Forest,AR
73013,23rd st,OK
73020,Midwest City,OK
73045,Midwest City,OK
73049,Midwest City,OK
73064,South OKC,OK
73065,South OKC,OK
73084,Midwest City,OK
73097,South OKC,OK
73099,South OKC,OK
73102,23rd st,OK
73103,23rd st,OK
73104,23rd st,OK
73105,23rd st,OK
73106,23rd st,OK
73107,23rd st,OK
73108,South OKC,OK
73109,South OKC,OK
73110,Midwest City,OK
73111,23rd st,OK
73112,23rd st,OK
73114,23rd st,OK
73115,Midwest City,OK
73116,23rd st,OK
73117,23rd st,OK
73118,23rd st,OK
73119,South OKC,OK
73120,23rd st,OK
73121,23rd st,OK
73122,23rd st,OK
73127,South OKC,OK
73128,South OKC,OK
73129,Midwest City,OK
73130,Midwest City,OK
73131,23rd st,OK
73135,Midwest City,OK
73139,South OKC,OK
73141,23rd st,OK
73145,Midwest City,OK
73149,Midwest City,OK
73150,Midwest City,OK
73151,23rd st,OK
73159,South OKC,OK
73160,South OKC,OK
73165,Midwest City,OK
73169,South OKC,OK
73170,South OKC,OK
73173,South OKC,OK
73179,South OKC,OK
74011,Garnett Plaza,OK
74012,Garnett Plaza,OK
74014,Garnett Plaza,OK
74015,Garnett Plaza,OK
74055,Lewis Ave,OK
74063,Lewis Ave,OK
74073,Lewis Ave,OK
74103,Lewis Ave,OK
74104,Lewis Ave,OK
74105,Lewis Ave,OK
74106,Lewis Ave,OK
74107,Lewis Ave,OK
74108,Garnett Plaza,OK
74110,Lewis Ave,OK
74112,Lewis Ave,OK
74114,Lewis Ave,OK
74115,Lewis Ave,OK
74116,Garnett Plaza,OK
74117,Lewis Ave,OK
74119,Lewis Ave,OK
74120,Lewis Ave,OK
74126,Lewis Ave,OK
74127,Lewis Ave,OK
74128,Garnett Plaza,OK
74129,Garnett Plaza,OK
74130,Lewis Ave,OK
74133,Garnett Plaza,OK
74134,Garnett Plaza,OK
74135,Lewis Ave,OK
74136,Garnett Plaza,OK
74137,Garnett Plaza,OK
74145,Garnett Plaza,OK
74146,Garnett Plaza,OK
74172,Lewis Ave,OK
74801,Midwest City,OK
74804,Midwest City,OK
74851,Midwest City,OK
74855,Midwest City,OK
74857,Midwest City,OK
75001,Carrollton,TX
75006,Carrollton,TX
75007,Carrollton,TX
75010,Carrollton,TX
75019,Carrollton,TX
75038,Irving,TX
75039,Irving,TX
75040,Casa View,TX
75041,Casa View,TX
75042,Casa View,TX
75043,Casa View,TX
75050,Irving,TX
75051,Irving,TX
75052,Arlington,TX
75056,Carrollton,TX
75057,Carrollton,TX
75060,Irving,TX
75061,Irving,TX
75062,Irving,TX
75063,Carrollton,TX
75067,Carrollton,TX
75093,Carrollton,TX
75126,Mesquite,TX
75149,Mesquite,TX
75150,Mesquite,TX
75159,Pleasant Grove,TX
75180,Pleasant Grove,TX
75181,Mesquite,TX
75182,Mesquite,TX
75203,Irving,TX
75207,Irving,TX
75208,Irving,TX
75210,Pleasant Grove,TX
75211,Irving,TX
75212,Irving,TX
75215,Pleasant Grove,TX
75216,Pleasant Grove,TX
75217,Pleasant Grove,TX
75218,Casa View,TX
75220,Irving,TX
75223,Pleasant Grove,TX
75224,Irving,TX
75226,Pleasant Grove,TX
75227,Pleasant Grove,TX
75228,Casa View,TX
75229,Irving,TX
75233,Irving,TX
75234,Carrollton,TX
75235,Irving,TX
75236,Irving,TX
75238,Casa View,TX
75241,Pleasant Grove,TX
75244,Carrollton,TX
75247,Irving,TX
75248,Carrollton,TX
75253,Pleasant Grove,TX
75261,Irving,TX
75287,Carrollton,TX
75601,Longview,TX
75602,Longview,TX
75603,Longview,TX
75604,Longview,TX
75605,Longview,TX
75650,Longview,TX
75693,Longview,TX
75701,Tyler,TX
75702,Tyler,TX
75703,Tyler,TX
75704,Tyler,TX
75705,Tyler,TX
75706,Tyler,TX
75707,Tyler,TX
75708,Tyler,TX
75709,Tyler,TX
75762,Tyler,TX
75791,Tyler,TX
75798,Tyler,TX
75799,Tyler,TX
76001,Arlington,TX
76002,Arlington,TX
76006,Irving,TX
76008,Benbrook,TX
76010,Arlington,TX
76011,Arlington,TX
76012,Arlington,TX
76013,Arlington,TX
76014,Arlington,TX
76015,Arlington,TX
76016,Arlington,TX
76017,Arlington,TX
76018,Arlington,TX
76019,Arlington,TX
76021,Irving,TX
76036,Benbrook,TX
76039,Irving,TX
76040,Irving,TX
76051,Irving,TX
76060,Arlington,TX
76063,Arlington,TX
76102,Meadowbrook,TX
76103,Meadowbrook,TX
76104,Meadowbrook,TX
76105,Meadowbrook,TX
76106,Northside,TX
76107,Northside,TX
76108,Benbrook,TX
76109,Benbrook,TX
76110,Benbrook,TX
76111,Northside,TX
76112,Meadowbrook,TX
76114,Northside,TX
76115,Benbrook,TX
76116,Benbrook,TX
76117,Northside,TX
76119,Meadowbrook,TX
76120,Meadowbrook,TX
76122,Benbrook,TX
76123,Benbrook,TX
76126,Benbrook,TX
76127,Northside,TX
76129,Benbrook,TX
76132,Benbrook,TX
76133,Benbrook,TX
76134,Meadowbrook,TX
76135,Northside,TX
76137,Northside,TX
76140,Meadowbrook,TX
76155,Irving,TX
76164,Northside,TX
76179,Northside,TX
77002,South Wayside,TX
77003,South Wayside,TX
77004,South Wayside,TX
77005,South Wayside,TX
77006,South Wayside,TX
77007,South Wayside,TX
77008,White Oak,TX
77009,Eastex,TX
77010,South Wayside,TX
77011,South Wayside,TX
77012,South Wayside,TX
77013,Northshore,TX
77014,Eastex,TX
77015,Northshore,TX
77016,Eastex,TX
77017,Fairmont Junction,TX
77018,White Oak,TX
77019,South Wayside,TX
77020,South Wayside,TX
77021,South Wayside,TX
77022,Eastex,TX
77023,South Wayside,TX
77025,West Bellfort,TX
77026,Eastex,TX
77027,West Bellfort,TX
77028,Northshore,TX
77029,Northshore,TX
77030,South Wayside,TX
77031,West Bellfort,TX
77032,Eastex,TX
77033,South Wayside,TX
77034,Fairmont Junction,TX
77035,West Bellfort,TX
77036,Mission Bend,TX
77037,Eastex,TX
77038,White Oak,TX
77039,Eastex,TX
77040,White Oak,TX
77041,White Oak,TX
77042,Mission Bend,TX
77043,White Oak,TX
77044,Eastex,TX
77045,West Bellfort,TX
77047,South Wayside,TX
77048,South Wayside,TX
77049,Northshore,TX
77050,Eastex,TX
77051,South Wayside,TX
77053,West Bellfort,TX
77054,West Bellfort,TX
77055,White Oak,TX
77056,West Bellfort,TX
77057,West Bellfort,TX
77060,Eastex,TX
77061,Fairmont Junction,TX
77063,Mission Bend,TX
77064,White Oak,TX
77066,White Oak,TX
77067,White Oak,TX
77068,White Oak,TX
77070,White Oak,TX
77071,West Bellfort,TX
77072,Mission Bend,TX
77073,Eastex,TX
77074,West Bellfort,TX
77075,Fairmont Junction,TX
77076,Eastex,TX
77077,Mission Bend,TX
77078,Eastex,TX
77080,White Oak,TX
77081,West Bellfort,TX
77082,Mission Bend,TX
77083,Mission Bend,TX
77085,West Bellfort,TX
77086,White Oak,TX
77087,South Wayside,TX
77088,White Oak,TX
77089,Fairmont Junction,TX
77090,Eastex,TX
77091,White Oak,TX
77092,White Oak,TX
77093,Eastex,TX
77094,Mission Bend,TX
77096,West Bellfort,TX
77099,Mission Bend,TX
77204,South Wayside,TX
77338,Eastex,TX
77396,Eastex,TX
77401,West Bellfort,TX
77406,Mission Bend,TX
77407,Mission Bend,TX
77450,Mission Bend,TX
77459,West Bellfort,TX
77477,West Bellfort,TX
77478,Mission Bend,TX
77489,West Bellfort,TX
77498,Mission Bend,TX
77502,Fairmont Junction,TX
77503,Fairmont Junction,TX
77504,Fairmont Junction,TX
77505,Fairmont Junction,TX
77506,Northshore,TX
77520,Northshore,TX
77521,Northshore,TX
77523,Northshore,TX
77530,Northshore,TX
77536,Northshore,TX
77547,Northshore,TX
77562,Northshore,TX
77571,Northshore,TX
77584,West Bellfort,TX
77587,Fairmont Junction,TX
80022,Commerce City,CO
80024,Commerce City,CO
80030,Commerce City,CO
80031,Commerce City,CO
80110,Harvey Park,CO
80113,Harvey Park,CO
80120,Harvey Park,CO
80121,Harvey Park,CO
80123,Harvey Park,CO
80127,Harvey Park,CO
80202,Commerce City,CO
80203,Harvey Park,CO
80204,Harvey Park,CO
80205,Commerce City,CO
80207,Commerce City,CO
80209,Harvey Park,CO
80210,Harvey Park,CO
80211,Harvey Park,CO
80214,Harvey Park,CO
80216,Commerce City,CO
80218,Harvey Park,CO
80219,Harvey Park,CO
80221,Commerce City,CO
80222,Harvey Park,CO
80223,Harvey Park,CO
80226,Harvey Park,CO
80227,Harvey Park,CO
80229,Commerce City,CO
80232,Harvey Park,CO
80233,Commerce City,CO
80235,Harvey Park,CO
80236,Harvey Park,CO
80238,Commerce City,CO
80260,Commerce City,CO
80465,Harvey Park,CO
80601,Commerce City,CO
80640,Commerce City,CO
80840,Vista Grande,CO
80907,Vista Grande,CO
80908,Vista Grande,CO
80917,Vista Grande,CO
80918,Vista Grande,CO
80919,Vista Grande,CO
80920,Vista Grande,CO
80922,Vista Grande,CO
80923,Vista Grande,CO
80927,Vista Grande,CO
80938,Vista Grande,CO
80939,Vista Grande,CO
80951,Vista Grande,CO
85003,Wedgewood Park,AZ
85004,Wedgewood Park,AZ
85006,Desert Palms,AZ
85007,Wedgewood Park,AZ
85008,Desert Palms,AZ
85009,Wedgewood Park,AZ
85012,Encanto Village,AZ
85013,Encanto Village,AZ
85014,Encanto Village,AZ
85015,Encanto Village,AZ
85016,Desert Palms,AZ
85017,Encanto Village,AZ
85018,Desert Palms,AZ
85019,Glen Ave,AZ
85020,Glen Ave,AZ
85021,Glen Ave,AZ
85023,Glen Ave,AZ
85027,Glen Ave,AZ
85029,Glen Ave,AZ
85031,Wedgewood Park,AZ
85033,Glenfair,AZ
85034,Desert Palms,AZ
85035,Wedgewood Park,AZ
85037,Wedgewood Park,AZ
85040,South Tempe,AZ
85041,Wedgewood Park,AZ
85042,South Tempe,AZ
85043,Wedgewood Park,AZ
85044,South Tempe,AZ
85048,South Tempe,AZ
85051,Glen Ave,AZ
85053,Glen Ave,AZ
85118,Apache Trail,AZ
85119,Apache Trail,AZ
85120,Apache Trail,AZ
85140,Apache Trail,AZ
85201,East Mesa,AZ
85202,Chandler,AZ
85203,East Mesa,AZ
85204,East Mesa,AZ
85205,East Mesa,AZ
85206,East Mesa,AZ
85207,Apache Trail,AZ
85208,Apache Trail,AZ
85209,Apache Trail,AZ
85210,East Mesa,AZ
85212,Apache Trail,AZ
85213,East Mesa,AZ
85215,East Mesa,AZ
85224,Chandler,AZ
85225,Chandler,AZ
85226,South Tempe,AZ
85233,Chandler,AZ
85234,East Mesa,AZ
85248,Chandler,AZ
85249,Chandler,AZ
85251,Desert Palms,AZ
85253,Desert Palms,AZ
85256,East Mesa,AZ
85257,Desert Palms,AZ
85264,Apache Trail,AZ
85281,South Tempe,AZ
85282,South Tempe,AZ
85283,South Tempe,AZ
85284,South Tempe,AZ
85286,Chandler,AZ
85287,South Tempe,AZ
85295,Chandler,AZ
85296,Chandler,AZ
85297,Chandler,AZ
85298,Chandler,AZ
85301,Glenfair,AZ
85302,Glenfair,AZ
85303,Glenfair,AZ
85304,Glenfair,AZ
85305,Glenfair,AZ
85306,Glen Ave,AZ
85323,Wedgewood Park,AZ
85339,Wedgewood Park,AZ
85345,Glenfair,AZ
85353,Wedgewood Park,AZ
85381,Glenfair,AZ
85392,Wedgewood Park,AZ
85701,Colonia,AZ
85706,Colonia,AZ
85709,Colonia,AZ
85713,Colonia,AZ
85714,Colonia,AZ
85735,Colonia,AZ
85745,Colonia,AZ
85746,Colonia,AZ
85756,Colonia,AZ
85757,Colonia,AZ
87031,Rio Bravo,NM
87042,Rio Bravo,NM
87068,Rio Bravo,NM
87102,Atrisco,NM
87104,Atrisco,NM
87105,Rio Bravo,NM
87106,Rio Bravo,NM
87108,Zuni Road,NM
87110,Zuni Road,NM
87112,Zuni Road,NM
87116,Zuni Road,NM
87117,Zuni Road,NM
87120,Atrisco,NM
87121,Rio Bravo,NM
87123,Zuni Road,NM
87131,Atrisco,NM
52722,Davenport,IA
52726,Davenport,IA
52728,Davenport,IA
52773,Davenport,IA
52801,Davenport,IA
52802,Davenport,IA
52803,Davenport,IA
52804,Davenport,IA
52806,Davenport,IA
52807,Davenport,IA
61284,Davenport,IA
61201,Moline,IL
61240,Moline,IL
61244,Moline,IL
61264,Moline,IL
61265,Moline,IL
64101,Strawberry Hill,KS
64102,Strawberry Hill,KS
64105,Strawberry Hill,KS
64106,Strawberry Hill,KS
64108,Strawberry Hill,KS
64109,Strawberry Hill,KS
64111,Strawberry Hill,KS
64116,Strawberry Hill,KS
64117,Strawberry Hill,KS
64118,Strawberry Hill,KS
64119,Strawberry Hill,KS
64120,Strawberry Hill,KS
64123,Strawberry Hill,KS
64124,Strawberry Hill,KS
64125,Strawberry Hill,KS
64127,Strawberry Hill,KS
64128,Strawberry Hill,KS
64150,Strawberry Hill,KS
64151,Strawberry Hill,KS
64152,Strawberry Hill,KS
64153,Strawberry Hill,KS
66101,Strawberry Hill,KS
66102,Strawberry Hill,KS
66103,Strawberry Hill,KS
66104,Strawberry Hill,KS
66105,Strawberry Hill,KS
66106,Strawberry Hill,KS
66109,Strawberry Hill,KS
66111,Strawberry Hill,KS
66112,Strawberry Hill,KS
66115,Strawberry Hill,KS
66118,Strawberry Hill,KS
66160,Strawberry Hill,KS
66202,Strawberry Hill,KS
66203,Strawberry Hill,KS
66205,Strawberry Hill,KS
46530,Mishawaka,IN
46544,Mishawaka,IN
46545,Mishawaka,IN
46561,Mishawaka,IN
38105,Overton Park,TN
38112,Overton Park,TN
38104,Overton Park,TN
38107,Overton Park,TN
38114,Overton Park,TN
38111,Overton Park,TN
38117,Overton Park,TN
38122,Overton Park,TN
38108,Overton Park,TN
38109,Overton Park,TN
38127,Overton Park,TN
38106,Overton Park,TN
38134,Overton Park,TN
38018,Overton Park,TN
38116,Overton Park,TN
38002,Overton Park,TN
38119,Overton Park,TN
38128,Overton Park,TN
38017,Overton Park,TN
38115,Overton Park,TN
38138,Overton Park,TN
46368,Midtown,IN
46391,Midtown,IN
46360,Midtown,IN
50320,Jordan Park,IA
50315,Jordan Park,IA
50395,Jordan Park,IA
50309,Jordan Park,IA
50307,Jordan Park,IA
50982,Jordan Park,IA
50327,Jordan Park,IA
10457,Soundview,NY
10462,Soundview,NY
10459,Soundview,NY
10458,Soundview,NY
10456,Soundview,NY
10461,Soundview,NY
10453,Soundview,NY
11691,Far Rockaway,NY
11096,Far Rockaway,NY
11692,Far Rockaway,NY
11509,Far Rockaway,NY
11516,Far Rockaway,NY
11559,Far Rockaway,NY
11693,Far Rockaway,NY
11430,Far Rockaway,NY
11598,Far Rockaway,NY
11437,Far Rockaway,NY
11422,Far Rockaway,NY
11557,Far Rockaway,NY
11581,Far Rockaway,NY
11413,Far Rockaway,NY
11694,Far Rockaway,NY
10462,Parkchester,NY
10461,Parkchester,NY
10472,Parkchester,NY
10460,Parkchester,NY
10473,Parkchester,NY
10469,Parkchester,NY
77023,South Wayside,TX
77011,South Wayside,TX
77087,South Wayside,TX
77003,South Wayside,TX
77004,South Wayside,TX
77021,South Wayside,TX
77012,South Wayside,TX
77010,South Wayside,TX
77020,South Wayside,TX
77002,South Wayside,TX
77033,South Wayside,TX
77201,South Wayside,TX
77204,South Wayside,TX
77212,South Wayside,TX
77216,South Wayside,TX
77297,South Wayside,TX
77299,South Wayside,TX
77017,South Wayside,TX
77029,South Wayside,TX
77006,South Wayside,TX
11229,Canarsie,NY
11210,Canarsie,NY
11235,Canarsie,NY
11203,Canarsie,NY
60637,Englewood,IL
60620,Englewood,IL
60609,Englewood,IL
60615,Englewood,IL
60619,Englewood,IL
60653,Englewood,IL
60629,Englewood,IL
60649,Englewood,IL
60652,Englewood,IL
60632,Englewood,IL
60616,Englewood,IL
60805,Englewood,IL
19111,Fern Rock,PA
19027,Fern Rock,PA
19149,Fern Rock,PA
19141,Fern Rock,PA
19046,Fern Rock,PA
19124,Fern Rock,PA
19138,Fern Rock,PA
60707,Hermosa,IL
60160,Hermosa,IL
60634,Hermosa,IL
60305,Hermosa,IL
60131,Hermosa,IL
60165,Hermosa,IL
60164,Hermosa,IL
60153,Hermosa,IL
60176,Hermosa,IL
60695,Little Village,IL
60699,Little Village,IL
60697,Little Village,IL
60696,Little Village,IL
60694,Little Village,IL
60693,Little Village,IL
60688,Little Village,IL
60687,Little Village,IL
60686,Little Village,IL
60685,Little Village,IL
60684,Little Village,IL
60678,Little Village,IL
60677,Little Village,IL
60675,Little Village,IL
60673,Little Village,IL
60670,Little Village,IL
60669,Little Village,IL
60668,Little Village,IL
60701,Little Village,IL
11208,Sutter Ave,NY
11239,Sutter Ave,NY
72124,Lakewood,AR
72115,Lakewood,AR
72190,Lakewood,AR
72114,Lakewood,AR
72119,Lakewood,AR
72292,Lakewood,AR
72292,Lakewood,AR
72222,Lakewood,AR
72260,Lakewood,AR
72231,Lakewood,AR
72201,Lakewood,AR
72203,Lakewood,AR
72225,Lakewood,AR
72221,Lakewood,AR
72219,Lakewood,AR
72217,Lakewood,AR
72216,Lakewood,AR
72215,Lakewood,AR
72214,Lakewood,AR
72295,Lakewood,AR
18505,Scranton,PA
18510,Scranton,PA
18501,Scranton,PA
18502,Scranton,PA
18540,Scranton,PA
18577,Scranton,PA
18515,Scranton,PA
18503,Scranton,PA
18507,Scranton,PA
18507,Scranton,PA
18509,Scranton,PA
18517,Scranton,PA
18512,Scranton,PA
18508,Scranton,PA
28304,West Fayetteville,NC
28331,West Fayetteville,NC
28314,West Fayetteville,NC
28303,West Fayetteville,NC
46205,Fall Creek,IN
46282,Fall Creek,IN
46218,Fall Creek,IN
46220,Fall Creek,IN
46208,Fall Creek,IN
46201,Fall Creek,IN
46298,Fall Creek,IN
46202,Fall Creek,IN
46204,Fall Creek,IN
46228,Fall Creek,IN
46253,Fall Creek,IN
46226,Fall Creek,IN
46262,Fall Creek,IN
46285,Fall Creek,IN
46277,Fall Creek,IN
46283,Fall Creek,IN
46255,Fall Creek,IN
46251,Fall Creek,IN
46247,Fall Creek,IN
46244,Fall Creek,IN
46242,Fall Creek,IN
46230,Fall Creek,IN
46209,Fall Creek,IN
46207,Fall Creek,IN
46206,Fall Creek,IN
46213,Fall Creek,IN
46222,Fall Creek,IN
,,
,,
,,
,,
,,
